_id varchar(255)|title varchar(255)|description varchar(255)|category varchar(255)|damageType varchar(255)|value int|damage varchar(64)|toHit int
'f39bc858dd349745fa035664d0c63cea28d00937caaf8ab93ffb32b75973d974'|'Wooden Sword'|'Nary more than a toothpick, but better than nothing.....probably'|'sword'|'slashing'|3|'1d4+1'|0
'0dad16b82c9c0e85d5e3bcbbef61ed013d30c9667b14a0981896faf66cfd7f18'|'Wooden Axe'|'There''s probably some angsty poem in there about an axe made of wood, but this weapon isn''t worth the breath'|'axe'|'slashing'|4|'1d4+1'|0
'a62a4aed9d38c9268ef877baf39addc378106c4b9208291e66614d7a4dfbd8da'|'Shoestring Bow'|'You may be better off just spitting'|'bow'|'piercing'|2|'1d2'|-1
'7eb4e2866c9dfd71ef78ff533049ad511c649924d16e9d16f98da5a0c0f07cdb'|'Practice Bow'|'Practice makes possible'|'bow'|'piercing'|4|'1d4+1'|0
'f29fc08aa4313fb70bfc52d461b8e2e6eed1782cb9d8b84c764455a5da616bd9'|'Wooden Club'|'Because your fists are too fragile'|'club'|'bludgeoning'|3|'1d4'|0
'13995abb6fa6d0ace8215bd235c3ae2117171d139ae55c26c772ca09a5fa9031'|'Iron Sword'|'Swing hard enough and you may give them tetanis'|'sword'|'slashing'|15|'1d6+2'|1
'f5ff83b2eb20678a35dd0457333bb0f30b1ffac4c7b0eb87b58d702b4248bfd9'|'Iron Axe'|'Chop wood or them, probably not the best at either'|'axe'|'slashing'|16|'1d6+1'|1
'e19b5d2c604425aace9ac16a35165c2d02b6db591f1c452381e71d0407eef430'|'Spiked Club'|'Blunt and pokey, my kinda night'|'club'|'bludgeoning'|14|'1d6+1'|1
'94737ed7a8bcdfea5710f5ee2c7014d7e58c888caab6aae216aacd60bcdb4222'|'Stick'|'...you might just want to punch them...'|'club'|'bludgeoning'|0|'1'|-2
